"Type","Run","LatencyMs"
"MISS","1","1333.26"
"MISS","2","1067.01"
"MISS","3","918.39"
"MISS","4","1447.04"
"MISS","5","971.31"
"MISS","6","1123.44"
"MISS","7","979.75"
"MISS","8","1712.18"
"MISS","9","1543.82"
"MISS","10","1117.83"
"HIT","1","6.04"
"HIT","2","3.39"
"HIT","3","3.23"
"HIT","4","3.57"
"HIT","5","4.21"
"HIT","6","3.51"
"HIT","7","4.1"
"HIT","8","3.9"
"HIT","9","3.73"
"HIT","10","4.4"
"HIT","11","3.93"
"HIT","12","3.41"
"HIT","13","4.23"
"HIT","14","4.01"
"HIT","15","17.7"
"HIT","16","4.04"
"HIT","17","3.87"
"HIT","18","3.08"
"HIT","19","2.54"
"HIT","20","3.7"
"HIT","21","3.45"
"HIT","22","2.89"
"HIT","23","3.32"
"HIT","24","3.84"
"HIT","25","3.32"
"HIT","26","2.81"
"HIT","27","3.29"
"HIT","28","3.45"
"HIT","29","2.96"
"HIT","30","2.72"
