type,job_id,source,cache_before,cache_after,elapsed_ms,status,valid_json,error
MISS,1173,XiaozhaoRadar,0,1,2836.102,200,true,
HIT,1173,XiaozhaoRadar,1,1,4.194,200,true,
HIT,1173,XiaozhaoRadar,1,1,14.462,200,true,
HIT,1173,XiaozhaoRadar,1,1,2.900,200,true,
MISS,1172,XiaozhaoRadar,0,1,8556.393,200,true,
HIT,1172,XiaozhaoRadar,1,1,3.269,200,true,
HIT,1172,XiaozhaoRadar,1,1,29.609,200,true,
HIT,1172,XiaozhaoRadar,1,1,4.781,200,true,
MISS,1171,XiaozhaoRadar,0,1,8755.448,200,true,
HIT,1171,XiaozhaoRadar,1,1,5.764,200,true,
HIT,1171,XiaozhaoRadar,1,1,21.148,200,true,
HIT,1171,XiaozhaoRadar,1,1,11.604,200,true,
MISS,1170,XiaozhaoRadar,0,1,4907.316,200,true,
HIT,1170,XiaozhaoRadar,1,1,4.867,200,true,
HIT,1170,XiaozhaoRadar,1,1,17.268,200,true,
HIT,1170,XiaozhaoRadar,1,1,19.603,200,true,
MISS,1169,XiaozhaoRadar,0,1,1812.028,200,true,
HIT,1169,XiaozhaoRadar,1,1,3.496,200,true,
HIT,1169,XiaozhaoRadar,1,1,4.983,200,true,
HIT,1169,XiaozhaoRadar,1,1,9.132,200,true,
MISS,1168,XiaozhaoRadar,0,0,4320.825,500,false,
MISS,1167,XiaozhaoRadar,0,1,1966.676,200,true,
HIT,1167,XiaozhaoRadar,1,1,17.264,200,true,
HIT,1167,XiaozhaoRadar,1,1,4.097,200,true,
HIT,1167,XiaozhaoRadar,1,1,19.915,200,true,
MISS,1166,XiaozhaoRadar,0,1,2444.677,200,true,
HIT,1166,XiaozhaoRadar,1,1,4.034,200,true,
HIT,1166,XiaozhaoRadar,1,1,13.060,200,true,
HIT,1166,XiaozhaoRadar,1,1,12.427,200,true,
MISS,1165,XiaozhaoRadar,0,1,2437.710,200,true,
HIT,1165,XiaozhaoRadar,1,1,5.043,200,true,
HIT,1165,XiaozhaoRadar,1,1,28.686,200,true,
HIT,1165,XiaozhaoRadar,1,1,4.549,200,true,
MISS,1164,XiaozhaoRadar,0,1,1730.554,200,true,
HIT,1164,XiaozhaoRadar,1,1,15.143,200,true,
HIT,1164,XiaozhaoRadar,1,1,14.532,200,true,
HIT,1164,XiaozhaoRadar,1,1,4.810,200,true,
