size,run,synthetic_duplicates,unique,clean_ms,dedup_ms,total_ms
100,1,9,91,0.030,0.095,0.125
100,2,9,91,0.042,0.095,0.137
100,3,9,91,0.022,0.050,0.072
100,4,9,91,0.019,0.049,0.068
100,5,9,91,0.018,0.064,0.082
100,6,9,91,0.020,0.059,0.079
100,7,9,91,0.022,0.078,0.100
100,8,9,91,0.023,0.050,0.073
100,9,9,91,0.019,0.068,0.087
100,10,9,91,0.026,0.049,0.074
100,11,9,91,0.027,0.069,0.095
100,12,9,91,0.034,0.086,0.120
100,13,9,91,0.022,0.062,0.084
100,14,9,91,0.030,0.055,0.084
100,15,9,91,0.018,0.048,0.065
100,16,9,91,0.026,0.050,0.077
100,17,9,91,0.019,0.046,0.064
100,18,9,91,0.018,0.045,0.062
100,19,9,91,0.028,0.045,0.073
100,20,9,91,0.015,0.056,0.070
100,21,9,91,0.023,0.046,0.069
100,22,9,91,0.016,0.044,0.060
100,23,9,91,0.017,0.047,0.063
100,24,9,91,0.016,0.048,0.064
100,25,9,91,0.016,0.041,0.057
100,26,9,91,0.024,0.060,0.083
100,27,9,91,0.016,0.035,0.051
100,28,9,91,0.022,0.034,0.056
100,29,9,91,0.016,0.034,0.050
100,30,9,91,0.016,0.040,0.056
500,1,49,451,0.076,0.201,0.278
500,2,49,451,0.159,0.227,0.385
500,3,49,451,0.060,0.291,0.351
500,4,49,451,0.082,0.250,0.332
500,5,49,451,0.066,0.219,0.285
500,6,49,451,0.066,0.207,0.273
500,7,49,451,0.067,0.142,0.208
500,8,49,451,0.055,0.158,0.213
500,9,49,451,0.058,0.146,0.204
500,10,49,451,0.052,0.162,0.214
500,11,49,451,0.068,0.165,0.233
500,12,49,451,0.059,0.192,0.251
500,13,49,451,0.061,0.162,0.223
500,14,49,451,0.056,0.142,0.198
500,15,49,451,0.055,0.154,0.209
500,16,49,451,0.052,0.153,0.205
500,17,49,451,0.062,0.135,0.197
500,18,49,451,0.065,0.137,0.203
500,19,49,451,0.053,0.125,0.178
500,20,49,451,0.078,0.125,0.203
500,21,49,451,0.055,0.124,0.179
500,22,49,451,0.053,0.135,0.188
500,23,49,451,0.054,0.123,0.177
500,24,49,451,0.057,0.167,0.224
500,25,49,451,0.041,0.145,0.186
500,26,49,451,0.042,0.179,0.221
500,27,49,451,0.046,0.158,0.203
500,28,49,451,0.042,0.138,0.181
500,29,49,451,0.041,0.138,0.179
500,30,49,451,0.033,0.119,0.152
1000,1,99,901,0.088,0.250,0.338
1000,2,99,901,0.103,0.213,0.316
1000,3,99,901,0.068,0.211,0.279
1000,4,99,901,0.072,0.225,0.298
1000,5,99,901,0.071,0.203,0.274
1000,6,99,901,0.079,0.206,0.285
1000,7,99,901,0.073,0.242,0.315
1000,8,99,901,0.073,0.220,0.292
1000,9,99,901,0.070,0.215,0.285
1000,10,99,901,0.072,0.221,0.293
1000,11,99,901,0.070,0.205,0.274
1000,12,99,901,0.068,0.188,0.256
1000,13,99,901,0.076,0.193,0.268
1000,14,99,901,0.068,0.235,0.303
1000,15,99,901,0.076,0.233,0.309
1000,16,99,901,0.068,0.195,0.263
1000,17,99,901,0.071,0.196,0.266
1000,18,99,901,0.071,0.181,0.252
1000,19,99,901,0.069,0.170,0.239
1000,20,99,901,0.069,0.165,0.234
1000,21,99,901,0.068,0.181,0.249
1000,22,99,901,0.075,0.180,0.254
1000,23,99,901,0.087,0.275,0.362
1000,24,99,901,0.082,0.188,0.270
1000,25,99,901,0.095,0.213,0.308
1000,26,99,901,0.076,0.206,0.281
1000,27,99,901,0.073,0.202,0.275
1000,28,99,901,0.044,0.203,0.247
1000,29,99,901,0.050,0.264,0.313
1000,30,99,901,0.047,0.162,0.209
5000,1,499,4501,0.182,0.764,0.946
5000,2,499,4501,0.246,0.836,1.082
5000,3,499,4501,0.257,0.816,1.073
5000,4,499,4501,0.168,0.819,0.987
5000,5,499,4501,0.196,0.809,1.005
5000,6,499,4501,0.180,0.784,0.963
5000,7,499,4501,0.176,0.779,0.955
5000,8,499,4501,0.176,0.873,1.049
5000,9,499,4501,0.197,0.825,1.022
5000,10,499,4501,0.178,0.801,0.980
5000,11,499,4501,0.280,0.851,1.132
5000,12,499,4501,0.195,0.869,1.064
5000,13,499,4501,0.217,0.808,1.026
5000,14,499,4501,0.216,0.900,1.116
5000,15,499,4501,0.203,0.859,1.061
5000,16,499,4501,0.270,0.787,1.057
5000,17,499,4501,0.213,0.785,0.998
5000,18,499,4501,0.170,0.794,0.964
5000,19,499,4501,0.201,0.827,1.027
5000,20,499,4501,0.173,0.800,0.973
5000,21,499,4501,0.161,0.796,0.958
5000,22,499,4501,0.213,0.798,1.011
5000,23,499,4501,0.149,2.226,2.374
5000,24,499,4501,0.129,0.809,0.938
5000,25,499,4501,0.165,0.487,0.652
5000,26,499,4501,0.069,0.348,0.417
5000,27,499,4501,0.063,0.392,0.455
5000,28,499,4501,0.064,0.339,0.403
5000,29,499,4501,0.068,0.345,0.413
5000,30,499,4501,0.063,0.334,0.397
