index,started_at,elapsed_ms,status,bytes,error
0,2026-09-29T12:43:14.118Z,15.338,200,42636,
1,2026-09-29T12:43:14.118Z,25.388,200,42636,
2,2026-09-29T12:43:14.118Z,39.119,200,42636,
3,2026-09-29T12:43:14.118Z,27.082,200,42636,
4,2026-09-29T12:43:14.118Z,27.736,200,42636,
5,2026-09-29T12:43:14.119Z,31.712,200,42636,
6,2026-09-29T12:43:14.119Z,26.427,200,42636,
7,2026-09-29T12:43:14.119Z,32.385,200,42636,
8,2026-09-29T12:43:14.119Z,35.098,200,42636,
9,2026-09-29T12:43:14.119Z,30.463,200,42636,
10,2026-09-29T12:43:14.119Z,88.711,200,42636,
11,2026-09-29T12:43:14.119Z,34.150,200,42636,
12,2026-09-29T12:43:14.119Z,46.543,200,42636,
13,2026-09-29T12:43:14.120Z,51.145,200,42636,
14,2026-09-29T12:43:14.120Z,55.735,200,42636,
15,2026-09-29T12:43:14.120Z,46.683,200,42636,
16,2026-09-29T12:43:14.120Z,69.884,200,42636,
17,2026-09-29T12:43:14.120Z,62.288,200,42636,
18,2026-09-29T12:43:14.120Z,58.373,200,42636,
19,2026-09-29T12:43:14.120Z,73.583,200,42636,
20,2026-09-29T12:43:14.120Z,59.044,200,42636,
21,2026-09-29T12:43:14.120Z,70.880,200,42636,
22,2026-09-29T12:43:14.120Z,38.516,200,42636,
23,2026-09-29T12:43:14.120Z,59.315,200,42636,
24,2026-09-29T12:43:14.120Z,76.545,200,42636,
25,2026-09-29T12:43:14.120Z,68.024,200,42636,
26,2026-09-29T12:43:14.120Z,49.919,200,42636,
27,2026-09-29T12:43:14.120Z,66.263,200,42636,
28,2026-09-29T12:43:14.120Z,68.480,200,42636,
29,2026-09-29T12:43:14.120Z,73.462,200,42636,
30,2026-09-29T12:43:14.121Z,49.929,200,42636,
31,2026-09-29T12:43:14.121Z,52.076,200,42636,
32,2026-09-29T12:43:14.121Z,73.068,200,42636,
33,2026-09-29T12:43:14.121Z,69.776,200,42636,
34,2026-09-29T12:43:14.121Z,57.065,200,42636,
35,2026-09-29T12:43:14.121Z,63.223,200,42636,
36,2026-09-29T12:43:14.121Z,54.242,200,42636,
37,2026-09-29T12:43:14.121Z,44.240,200,42636,
38,2026-09-29T12:43:14.121Z,63.788,200,42636,
39,2026-09-29T12:43:14.121Z,61.333,200,42636,
40,2026-09-29T12:43:14.121Z,44.456,200,42636,
41,2026-09-29T12:43:14.121Z,77.291,200,42636,
42,2026-09-29T12:43:14.121Z,81.688,200,42636,
43,2026-09-29T12:43:14.121Z,79.276,200,42636,
44,2026-09-29T12:43:14.121Z,77.311,200,42636,
45,2026-09-29T12:43:14.121Z,87.877,200,42636,
46,2026-09-29T12:43:14.121Z,82.657,200,42636,
47,2026-09-29T12:43:14.121Z,91.790,200,42636,
48,2026-09-29T12:43:14.122Z,88.939,200,42636,
49,2026-09-29T12:43:14.122Z,137.653,200,42636,
50,2026-09-29T12:43:14.133Z,80.641,200,42636,
51,2026-09-29T12:43:14.143Z,121.848,200,42636,
52,2026-09-29T12:43:14.145Z,71.344,200,42636,
53,2026-09-29T12:43:14.145Z,64.424,200,42636,
54,2026-09-29T12:43:14.146Z,69.653,200,42636,
55,2026-09-29T12:43:14.150Z,69.657,200,42636,
56,2026-09-29T12:43:14.150Z,69.349,200,42636,
57,2026-09-29T12:43:14.151Z,71.132,200,42636,
58,2026-09-29T12:43:14.154Z,69.900,200,42636,
59,2026-09-29T12:43:14.154Z,70.109,200,42636,
60,2026-09-29T12:43:14.157Z,69.655,200,42636,
61,2026-09-29T12:43:14.158Z,73.199,200,42636,
62,2026-09-29T12:43:14.165Z,65.843,200,42636,
63,2026-09-29T12:43:14.166Z,62.335,200,42636,
64,2026-09-29T12:43:14.166Z,66.144,200,42636,
65,2026-09-29T12:43:14.166Z,66.807,200,42636,
66,2026-09-29T12:43:14.170Z,64.829,200,42636,
67,2026-09-29T12:43:14.170Z,63.416,200,42636,
68,2026-09-29T12:43:14.171Z,62.205,200,42636,
69,2026-09-29T12:43:14.173Z,61.670,200,42636,
70,2026-09-29T12:43:14.175Z,64.269,200,42636,
71,2026-09-29T12:43:14.175Z,63.160,200,42636,
72,2026-09-29T12:43:14.178Z,64.330,200,42636,
73,2026-09-29T12:43:14.178Z,66.251,200,42636,
74,2026-09-29T12:43:14.179Z,65.839,200,42636,
75,2026-09-29T12:43:14.179Z,64.530,200,42636,
76,2026-09-29T12:43:14.182Z,57.755,200,42636,
77,2026-09-29T12:43:14.182Z,65.391,200,42636,
78,2026-09-29T12:43:14.184Z,77.173,200,42636,
79,2026-09-29T12:43:14.185Z,69.125,200,42636,
80,2026-09-29T12:43:14.187Z,71.925,200,42636,
81,2026-09-29T12:43:14.188Z,15.385,200,42636,
82,2026-09-29T12:43:14.189Z,64.731,200,42636,
83,2026-09-29T12:43:14.190Z,69.265,200,42636,
84,2026-09-29T12:43:14.190Z,18.160,200,42636,
85,2026-09-29T12:43:14.191Z,74.710,200,42636,
86,2026-09-29T12:43:14.193Z,77.448,200,42636,
87,2026-09-29T12:43:14.194Z,74.860,200,42636,
88,2026-09-29T12:43:14.194Z,70.782,200,42636,
89,2026-09-29T12:43:14.197Z,74.035,200,42636,
90,2026-09-29T12:43:14.198Z,73.074,200,42636,
91,2026-09-29T12:43:14.199Z,73.966,200,42636,
92,2026-09-29T12:43:14.201Z,72.680,200,42636,
93,2026-09-29T12:43:14.203Z,74.035,200,42636,
94,2026-09-29T12:43:14.204Z,71.316,200,42636,
95,2026-09-29T12:43:14.204Z,73.131,200,42636,
96,2026-09-29T12:43:14.208Z,73.367,200,42636,
97,2026-09-29T12:43:14.209Z,69.357,200,42636,
98,2026-09-29T12:43:14.209Z,70.551,200,42636,
99,2026-09-29T12:43:14.210Z,74.548,200,42636,
100,2026-09-29T12:43:14.211Z,73.288,200,42636,
101,2026-09-29T12:43:14.213Z,70.208,200,42636,
102,2026-09-29T12:43:14.214Z,71.487,200,42636,
103,2026-09-29T12:43:14.216Z,68.900,200,42636,
104,2026-09-29T12:43:14.217Z,69.483,200,42636,
105,2026-09-29T12:43:14.219Z,71.630,200,42636,
106,2026-09-29T12:43:14.220Z,71.559,200,42636,
107,2026-09-29T12:43:14.222Z,69.051,200,42636,
108,2026-09-29T12:43:14.223Z,71.515,200,42636,
109,2026-09-29T12:43:14.224Z,72.240,200,42636,
110,2026-09-29T12:43:14.227Z,69.378,200,42636,
111,2026-09-29T12:43:14.228Z,64.519,200,42636,
112,2026-09-29T12:43:14.231Z,65.633,200,42636,
113,2026-09-29T12:43:14.232Z,63.612,200,42636,
114,2026-09-29T12:43:14.232Z,188.738,200,42636,
115,2026-09-29T12:43:14.233Z,77.512,200,42636,
116,2026-09-29T12:43:14.233Z,71.105,200,42636,
117,2026-09-29T12:43:14.234Z,72.335,200,42636,
118,2026-09-29T12:43:14.234Z,73.393,200,42636,
119,2026-09-29T12:43:14.235Z,80.608,200,42636,
120,2026-09-29T12:43:14.239Z,68.551,200,42636,
121,2026-09-29T12:43:14.239Z,75.693,200,42636,
122,2026-09-29T12:43:14.240Z,78.941,200,42636,
123,2026-09-29T12:43:14.242Z,69.163,200,42636,
124,2026-09-29T12:43:14.244Z,189.496,200,42636,
125,2026-09-29T12:43:14.245Z,81.839,200,42636,
126,2026-09-29T12:43:14.245Z,89.684,200,42636,
127,2026-09-29T12:43:14.248Z,77.827,200,42636,
128,2026-09-29T12:43:14.254Z,77.006,200,42636,
129,2026-09-29T12:43:14.254Z,74.999,200,42636,
130,2026-09-29T12:43:14.259Z,79.492,200,42636,
131,2026-09-29T12:43:14.259Z,77.790,200,42636,
132,2026-09-29T12:43:14.259Z,75.695,200,42636,
133,2026-09-29T12:43:14.261Z,76.314,200,42636,
134,2026-09-29T12:43:14.265Z,77.592,200,42636,
135,2026-09-29T12:43:14.265Z,78.073,200,42636,
136,2026-09-29T12:43:14.266Z,78.091,200,42636,
137,2026-09-29T12:43:14.269Z,76.211,200,42636,
138,2026-09-29T12:43:14.271Z,72.263,200,42636,
139,2026-09-29T12:43:14.271Z,77.294,200,42636,
140,2026-09-29T12:43:14.272Z,89.658,200,42636,
141,2026-09-29T12:43:14.273Z,89.840,200,42636,
142,2026-09-29T12:43:14.273Z,93.387,200,42636,
143,2026-09-29T12:43:14.275Z,94.857,200,42636,
144,2026-09-29T12:43:14.277Z,91.421,200,42636,
145,2026-09-29T12:43:14.277Z,105.238,200,42636,
146,2026-09-29T12:43:14.278Z,86.974,200,42636,
147,2026-09-29T12:43:14.280Z,97.481,200,42636,
148,2026-09-29T12:43:14.281Z,86.758,200,42636,
149,2026-09-29T12:43:14.284Z,78.757,200,42636,
150,2026-09-29T12:43:14.284Z,137.461,200,42636,
151,2026-09-29T12:43:14.284Z,14.589,200,42636,
152,2026-09-29T12:43:14.285Z,131.961,200,42636,
153,2026-09-29T12:43:14.285Z,135.883,200,42636,
154,2026-09-29T12:43:14.286Z,139.756,200,42636,
155,2026-09-29T12:43:14.291Z,137.197,200,42636,
156,2026-09-29T12:43:14.291Z,133.495,200,42636,
157,2026-09-29T12:43:14.291Z,125.431,200,42636,
158,2026-09-29T12:43:14.292Z,133.736,200,42636,
159,2026-09-29T12:43:14.295Z,138.184,200,42636,
160,2026-09-29T12:43:14.295Z,133.003,200,42636,
161,2026-09-29T12:43:14.296Z,20.624,200,42636,
162,2026-09-29T12:43:14.296Z,140.859,200,42636,
163,2026-09-29T12:43:14.297Z,133.084,200,42636,
164,2026-09-29T12:43:14.299Z,133.139,200,42636,
165,2026-09-29T12:43:14.304Z,130.340,200,42636,
166,2026-09-29T12:43:14.306Z,132.460,200,42636,
167,2026-09-29T12:43:14.307Z,131.120,200,42636,
168,2026-09-29T12:43:14.308Z,134.411,200,42636,
169,2026-09-29T12:43:14.310Z,133.261,200,42636,
170,2026-09-29T12:43:14.311Z,129.489,200,42636,
171,2026-09-29T12:43:14.315Z,129.758,200,42636,
172,2026-09-29T12:43:14.316Z,131.340,200,42636,
173,2026-09-29T12:43:14.317Z,130.156,200,42636,
174,2026-09-29T12:43:14.319Z,128.684,200,42636,
175,2026-09-29T12:43:14.326Z,123.088,200,42636,
176,2026-09-29T12:43:14.326Z,125.531,200,42636,
177,2026-09-29T12:43:14.329Z,121.769,200,42636,
178,2026-09-29T12:43:14.331Z,123.413,200,42636,
179,2026-09-29T12:43:14.334Z,119.889,200,42636,
180,2026-09-29T12:43:14.335Z,119.363,200,42636,
181,2026-09-29T12:43:14.337Z,115.985,200,42636,
182,2026-09-29T12:43:14.338Z,121.184,200,42636,
183,2026-09-29T12:43:14.338Z,117.099,200,42636,
184,2026-09-29T12:43:14.342Z,114.469,200,42636,
185,2026-09-29T12:43:14.343Z,115.363,200,42636,
186,2026-09-29T12:43:14.343Z,118.018,200,42636,
187,2026-09-29T12:43:14.344Z,118.983,200,42636,
188,2026-09-29T12:43:14.345Z,114.712,200,42636,
189,2026-09-29T12:43:14.348Z,115.871,200,42636,
190,2026-09-29T12:43:14.361Z,100.784,200,42636,
191,2026-09-29T12:43:14.362Z,103.126,200,42636,
192,2026-09-29T12:43:14.363Z,97.293,200,42636,
193,2026-09-29T12:43:14.365Z,100.607,200,42636,
194,2026-09-29T12:43:14.367Z,100.344,200,42636,
195,2026-09-29T12:43:14.368Z,98.777,200,42636,
196,2026-09-29T12:43:14.368Z,97.989,200,42636,
197,2026-09-29T12:43:14.370Z,97.025,200,42636,
198,2026-09-29T12:43:14.377Z,90.898,200,42636,
199,2026-09-29T12:43:14.383Z,85.905,200,42636,
