source,run,source_returned,cleaned,deduplicated,fetch_ms,process_ms,total_ms
Remotive,1,16,16,16,2113.582,0.096,2113.678
Remotive,2,16,16,16,1679.508,0.150,1679.658
Remotive,3,16,16,16,1736.695,0.185,1736.880
Remotive,4,16,16,16,1735.129,0.124,1735.253
Remotive,5,16,16,16,2275.602,0.154,2275.756
Remotive,6,16,16,16,1781.799,0.141,1781.940
Remotive,7,16,16,16,2121.159,0.040,2121.199
Remotive,8,16,16,16,2504.288,0.166,2504.454
Remotive,9,16,16,16,2060.219,0.035,2060.255
Remotive,10,16,16,16,2302.330,0.043,2302.373
